<KicadtoNgspice><source><v1_word_line1 name="Source type">pulse<field1 name="Initial Value">0</field1><field2 name="Pulse Value">5</field2><field3 name="Delay Time">0</field3><field4 name="Rise Time">0</field4><field5 name="Fall Time">0</field5><field5 name="Pulse width">2</field5><field5 name="Period">5</field5></v1_word_line1><v2_bit_line1 name="Source type">pulse<field1 name="Initial Value">5</field1><field2 name="Pulse Value">5</field2><field3 name="Delay Time">0</field3><field4 name="Rise Time">0</field4><field5 name="Fall Time">0</field5><field5 name="Pulse width">2</field5><field5 name="Period">5</field5></v2_bit_line1><v3_bit_line_bar1 name="Source type">pulse<field1 name="Initial Value">5</field1><field2 name="Pulse Value">0</field2><field3 name="Delay Time">0</field3><field4 name="Rise Time">0</field4><field5 name="Fall Time">0</field5><field5 name="Pulse width">1</field5><field5 name="Period">5</field5></v3_bit_line_bar1><v2_bit_line2 name="Source type">pulse<field1 name="Initial Value">0</field1><field2 name="Pulse Value">0</field2><field3 name="Delay Time">0</field3><field4 name="Rise Time">0</field4><field5 name="Fall Time">0</field5><field5 name="Pulse width">4</field5><field5 name="Period">5</field5></v2_bit_line2><v1_bit_line1 name="Source type">pulse<field1 name="Initial Value">0</field1><field2 name="Pulse Value">5</field2><field3 name="Delay Time">1n</field3><field4 name="Rise Time">100p</field4><field5 name="Fall Time">100p</field5><field5 name="Pulse width">4n</field5><field5 name="Period">10n</field5></v1_bit_line1><v2_world_line1 name="Source type">pulse<field1 name="Initial Value">0</field1><field2 name="Pulse Value">5</field2><field3 name="Delay Time">1n</field3><field4 name="Rise Time">100p</field4><field5 name="Fall Time">100p</field5><field5 name="Pulse width">2n</field5><field5 name="Period">10n</field5></v2_world_line1><v2_bit_line_bar1 name="Source type">pulse<field1 name="Initial Value">0</field1><field2 name="Pulse Value">5</field2><field3 name="Delay Time">1n</field3><field4 name="Rise Time">100p</field4><field5 name="Fall Time">100p</field5><field5 name="Pulse width">5n</field5><field5 name="Period">15n</field5></v2_bit_line_bar1></source><model><u2 name="type">cmos_sram<field1 name="Enter Rise Delay (default=1.0e-9)" /><field2 name="Enter Fall Delay (default=1.0e-9)" /><field3 name="Enter Input Load (default=1.0e-12)" /><field4 name="Enter Instance ID (Between 0-99)" /></u2><u5 name="type">adc_bridge<field5 name="Enter value for in_low (default=1.0)" /><field6 name="Enter value for in_high (default=2.0)" /><field7 name="Enter Rise Delay (default=1.0e-9)" /><field8 name="Enter Fall Delay (default=1.0e-9)" /></u5><u6 name="type">dac_bridge<field9 name="Enter value for out_low (default=0.0)" /><field10 name="Enter value for out_high (default=5.0)" /><field11 name="Enter value for out_undef (default=0.5)" /><field12 name="Enter value for input load (default=1.0e-12)" /><field13 name="Enter the Rise Time (default=1.0e-9)" /><field14 name="Enter the Fall Time (default=1.0e-9)" /></u6><u4 name="type">adc_bridge<field11 name="Enter value for in_low (default=1.0)" /><field12 name="Enter value for in_high (default=2.0)" /><field13 name="Enter Rise Delay (default=1.0e-9)" /><field14 name="Enter Fall Delay (default=1.0e-9)" /></u4><u4 name="type">cmos_sram_ankit<field7 name="Enter Rise Delay (default=1.0e-9)" /><field8 name="Enter Fall Delay (default=1.0e-9)" /><field9 name="Enter Input Load (default=1.0e-12)" /><field10 name="Enter Instance ID (Between 0-99)" /></u4><u4 name="type">cmos_sram_main<field11 name="Enter Rise Delay (default=1.0e-9)" /><field12 name="Enter Fall Delay (default=1.0e-9)" /><field13 name="Enter Input Load (default=1.0e-12)" /><field14 name="Enter Instance ID (Between 0-99)" /></u4><u4 name="type">cmos_sram_mine<field11 name="Enter Rise Delay (default=1.0e-9)" /><field12 name="Enter Fall Delay (default=1.0e-9)" /><field13 name="Enter Input Load (default=1.0e-12)" /><field14 name="Enter Instance ID (Between 0-99)" /></u4></model><devicemodel /><subcircuit /><analysis><ac><field1 name="Lin">true</field1><field2 name="Dec">false</field2><field3 name="Oct">false</field3><field4 name="Start Frequency" /><field5 name="Stop Frequency" /><field6 name="No. of points" /><field7 name="Start Fre Combo">Hz</field7><field8 name="Stop Fre Combo">Hz</field8></ac><dc><field1 name="Source 1" /><field2 name="Start" /><field3 name="Increment" /><field4 name="Stop" /><field5 name="Operating Point">0</field5><field6 name="Start Combo">Volts or Amperes</field6><field7 name="Increment Combo">Volts or Amperes</field7><field8 name="Stop Combo">Volts or Amperes</field8><field9 name="Source 2" /><field10 name="Start" /><field11 name="Increment" /><field12 name="Stop" /><field13 name="Start Combo">Volts or Amperes</field13><field14 name="Increment Combo">Volts or Amperes</field14><field15 name="Stop Combo">Volts or Amperes</field15></dc><tran><field1 name="Start Time">0</field1><field2 name="Step Time">1</field2><field3 name="Stop Time">80</field3><field4 name="Start Combo">ns</field4><field5 name="Step Combo">ns</field5><field6 name="Stop Combo">ns</field6></tran></analysis></KicadtoNgspice>